,Unnamed: 0,question,ans1,ans2,ans3,ans4,ans5,sf_ans1,sf_ans2,sf_ans3,sf_ans4,sf_ans5,perm
0,0,Explain KGML to me like I'm a 5-year old.,"Imagine you have a toy box full of blocks, and each block has a special job, like a block that makes a flower grow or a block that helps a bird fly. KGML helps us put these blocks together in a special way so that the computer can learn from them.","Imagine you have a toy box filled with different blocks, each with a special power. With KGML, we can connect these blocks in a special way to make the computer learn new things. This helps the computer make better decisions, just like how you make good choices when you play with your blocks!","You know how we can teach dogs new tricks? Like, ""sit"" and ""stay""? Well, computers can learn too! But instead of tricks, they learn to do things like predict what might happen in the future or understand what's going on in a picture.","You know how we can teach our friends new things, like how to ride a bike or play a game? Well, KGML is like a special way to teach computers new things too!","Imagine you have a toy box full of blocks, and each block has a special power. Some blocks can make things move, some can make things change color, and some can even make things disappear! But, to make the blocks work together, you need to know how to use them in the right way. That's kind of like what KGML does, but instead of blocks, it uses special codes and algorithms to make computers learn.","You know how we can teach dogs new tricks? Like, ""sit"" and ""stay""? Well, computers can learn too! But instead of tricks, they learn to do things like predict what might happen in the future or understand what's going on in a picture.","Imagine you have a toy box filled with different blocks, each with a special power. With KGML, we can connect these blocks in a special way to make the computer learn new things. This helps the computer make better decisions, just like how you make good choices when you play with your blocks!","Imagine you have a toy box full of blocks, and each block has a special job, like a block that makes a flower grow or a block that helps a bird fly. KGML helps us put these blocks together in a special way so that the computer can learn from them.","Imagine you have a toy box full of blocks, and each block has a special power. Some blocks can make things move, some can make things change color, and some can even make things disappear! But, to make the blocks work together, you need to know how to use them in the right way. That's kind of like what KGML does, but instead of blocks, it uses special codes and algorithms to make computers learn.","You know how we can teach our friends new things, like how to ride a bike or play a game? Well, KGML is like a special way to teach computers new things too!",[2 1 0 4 3]
1,1,How to get started with PyKGML?,"Before you start, make sure you have the required applications and packages installed. You'll need Python 3, Jupyter Notebook, and several Python packages such as NumPy, Pandas, Torch, Matplotlib, Scikit-learn, and SciPy. You can install these packages using the command `pip install -r requirements.txt`.","For a local setup, you'll need to have Python 3 installed, along with Jupyter Notebook and several Python packages like numpy, pandas, torch, matplotlib, sklearn, and scipy. You can install these packages using the command `pip install -r requirements.txt`.","According to the documentation, there are two ways to get started with PyKGML: using a local environment or Google Colab. If you're new to Python or don't have Jupyter installed locally, I'd recommend starting with the Google Colab option.","For a local setup, you'll need to have Python 3 installed, along with Jupyter Notebook and the required Python packages (numpy, pandas, torch, matplotlib, sklearn, and scipy). You can install these packages using the command `pip install -r requirements.txt`.","For the local approach, you'll need to have Python 3 installed, along with Jupyter Notebook and the required Python packages (numpy, pandas, torch, matplotlib, sklearn, and scipy). You can install these packages using the command `pip install -r requirements.txt`. Once you have everything set up, you can use the notebook `Tutorial_CO2_local.ipynb` to get started.","For the local approach, you'll need to have Python 3 installed, along with Jupyter Notebook and the required Python packages (numpy, pandas, torch, matplotlib, sklearn, and scipy). You can install these packages using the command `pip install -r requirements.txt`. Once you have everything set up, you can use the notebook `Tutorial_CO2_local.ipynb` to get started.","For a local setup, you'll need to have Python 3 installed, along with Jupyter Notebook and the required Python packages (numpy, pandas, torch, matplotlib, sklearn, and scipy). You can install these packages using the command `pip install -r requirements.txt`.","According to the documentation, there are two ways to get started with PyKGML: using a local environment or Google Colab. If you're new to Python or don't have Jupyter installed locally, I'd recommend starting with the Google Colab option.","Before you start, make sure you have the required applications and packages installed. You'll need Python 3, Jupyter Notebook, and several Python packages such as NumPy, Pandas, Torch, Matplotlib, Scikit-learn, and SciPy. You can install these packages using the command `pip install -r requirements.txt`.","For a local setup, you'll need to have Python 3 installed, along with Jupyter Notebook and several Python packages like numpy, pandas, torch, matplotlib, sklearn, and scipy. You can install these packages using the command `pip install -r requirements.txt`.",[4 3 2 0 1]
2,2,What are the main functions in PyKGML?,"1. Pre-training and fine-tuning using benchmark datasets.
2. Knowledge-guided loss function customization according to physical or chemical laws in ecosystems, such as mass balance.
3. Hierarchical architecture design according to causal relationships.","1. Pre-training and fine-tuning using benchmark datasets [(Liu et al. 2022)](https://doi.org/10.5194/gmd-15-2839-2022).
2. Knowledge-guided loss function customization according to physical or chemical laws in ecosystems, such as mass balance.
3. Hierarchical architecture design according to causal relationships.","1. Pre-training and fine-tuning using benchmark datasets [1].
2. Knowledge-guided loss function customization according to physical or chemical laws in ecosystems, such as mass balance [1].
3. Hierarchical architecture design according to causal relationships [1].","1. Pre-training and fine-tuning using benchmark datasets [1].
2. Knowledge-guided loss function customization according to physical or chemical laws in ecosystems, such as mass balance [1].
3. Hierarchical architecture design according to causal relationships [1].","1. Pre-training and fine-tuning using benchmark datasets.
2. Knowledge-guided loss function customization according to physical or chemical laws in ecosystems, such as mass balance.
3. Hierarchical architecture design according to causal relationships.","1. Pre-training and fine-tuning using benchmark datasets [1].
2. Knowledge-guided loss function customization according to physical or chemical laws in ecosystems, such as mass balance [1].
3. Hierarchical architecture design according to causal relationships [1].","1. Pre-training and fine-tuning using benchmark datasets [1].
2. Knowledge-guided loss function customization according to physical or chemical laws in ecosystems, such as mass balance [1].
3. Hierarchical architecture design according to causal relationships [1].","1. Pre-training and fine-tuning using benchmark datasets.
2. Knowledge-guided loss function customization according to physical or chemical laws in ecosystems, such as mass balance.
3. Hierarchical architecture design according to causal relationships.","1. Pre-training and fine-tuning using benchmark datasets.
2. Knowledge-guided loss function customization according to physical or chemical laws in ecosystems, such as mass balance.
3. Hierarchical architecture design according to causal relationships.","1. Pre-training and fine-tuning using benchmark datasets [(Liu et al. 2022)](https://doi.org/10.5194/gmd-15-2839-2022).
2. Knowledge-guided loss function customization according to physical or chemical laws in ecosystems, such as mass balance.
3. Hierarchical architecture design according to causal relationships.",[2 3 4 0 1]
3,3,I want to design my own model structure using PyKGML. Can you help me to complete the configuration step by step?,"To get started, you'll need to create a `ModelStructureCompiler` object and specify your model configuration. This is done using the `script_config` parameter, which is not explicitly defined in the documentation. However, you can refer to the tutorial notebook [Tutorial_CO2_Colab.ipynb](Tutorial_CO2_Colab.ipynb) or [Tutorial_CO2_local.ipynb](Tutorial_CO2_local.ipynb) for an example of how to create the compiler and generate a model.","```
compiler = ModelStructureCompiler(script_config)
```","To begin, you'll need to create a `ModelStructureCompiler` object using the `script_config`. Here's an example:
```
compiler = ModelStructureCompiler(script_config)
```
Next, you'll use the `Compiler.generate_model()` method to create your model. This will generate a model architecture following a predefined blueprint, which you can modify to suit your specific needs.","To get started, you'll need to create a `ModelStructureCompiler` object using the `script_config` parameter. This is demonstrated in the documentation as follows:
```
compiler = ModelStructureCompiler(script_config)
```
Once you have the compiler object, you can use it to generate a model using the `generate_model()` method:
```
myKGML = Compiler.generate_model()
```
As for the configuration step, the documentation doesn't provide a specific example, but it mentions that you can modify the model structure to suit your needs. Unfortunately, the documentation doesn't provide more details on how to do this.","According to the document, the first step in designing a model structure using PyKGML is to create a `ModelStructureCompiler` object. This is done by calling the `ModelStructureCompiler` class and passing a script configuration to it. Here's an example:
```
compiler = ModelStructureCompiler(script_config)
```
This will generate a model architecture following a predefined blueprint, which you can then modify to suit your specific needs.","According to the document, the first step in designing a model structure using PyKGML is to create a `ModelStructureCompiler` object. This is done by calling the `ModelStructureCompiler` class and passing a script configuration to it. Here's an example:
```
compiler = ModelStructureCompiler(script_config)
```
This will generate a model architecture following a predefined blueprint, which you can then modify to suit your specific needs.","To get started, you'll need to create a `ModelStructureCompiler` object using the `script_config` parameter. This is demonstrated in the documentation as follows:
```
compiler = ModelStructureCompiler(script_config)
```
Once you have the compiler object, you can use it to generate a model using the `generate_model()` method:
```
myKGML = Compiler.generate_model()
```
As for the configuration step, the documentation doesn't provide a specific example, but it mentions that you can modify the model structure to suit your needs. Unfortunately, the documentation doesn't provide more details on how to do this.","To get started, you'll need to create a `ModelStructureCompiler` object and specify your model configuration. This is done using the `script_config` parameter, which is not explicitly defined in the documentation. However, you can refer to the tutorial notebook [Tutorial_CO2_Colab.ipynb](Tutorial_CO2_Colab.ipynb) or [Tutorial_CO2_local.ipynb](Tutorial_CO2_local.ipynb) for an example of how to create the compiler and generate a model.","To begin, you'll need to create a `ModelStructureCompiler` object using the `script_config`. Here's an example:
```
compiler = ModelStructureCompiler(script_config)
```
Next, you'll use the `Compiler.generate_model()` method to create your model. This will generate a model architecture following a predefined blueprint, which you can modify to suit your specific needs.","```
compiler = ModelStructureCompiler(script_config)
```",[4 3 0 2 1]
4,4,I want to customize a loss function based on an equation using PyKGML. Can you help me to complete the configuration step by step?,"To customize a loss function based on an equation using PyKGML, you'll need to follow these steps. ","To customize a loss function based on an equation using PyKGML, you'll need to follow these steps:","First, you'll need to import the LossFunctionCompiler from kgml_lib. This compiler allows you to customize your loss function.","To start, you'll need to create a configuration for your custom loss function. This configuration consists of three dictionaries: `parameters`, `variables`, and `loss_formula`. Let's go through each of these dictionaries step by step.","To start, you'll need to import the `LossFunctionCompiler` from `kgml_lib`. You can do this by adding the following line of code:","To customize a loss function based on an equation using PyKGML, you'll need to follow these steps. ","To start, you'll need to create a configuration for your custom loss function. This configuration consists of three dictionaries: `parameters`, `variables`, and `loss_formula`. Let's go through each of these dictionaries step by step.","To start, you'll need to import the `LossFunctionCompiler` from `kgml_lib`. You can do this by adding the following line of code:","To customize a loss function based on an equation using PyKGML, you'll need to follow these steps:","First, you'll need to import the LossFunctionCompiler from kgml_lib. This compiler allows you to customize your loss function.",[0 3 4 1 2]
5,5,Question: What is the purpose of reversing terms in the mass balance?,"In other words, the mass balance equation GRR+Ra+Rh-NEE = 0 requires that the terms Ra and Rh, which are negative, are reversed to ensure that the equation is satisfied. This is achieved by using the `Z_norm_reverse` function to reverse the values of these terms.","This means that the original values of the terms in the mass balance equation (GPP, Ra, Rh, and NEE) need to be reversed to their original scale before being used in the loss function calculation. This is done to ensure that the loss function is calculated correctly and accurately reflects the difference between the predicted and true values.","As stated in the document, ""Because X and Y had been normalized, terms in the mass balance need to be reversed."" This is necessary to ensure that the loss function is calculated correctly.","For example, in the code, the `GPP`, `Ra`, `Rh`, and `NEE` terms are normalized using the `Z_norm_reverse` function, which is applied to the predicted values as well as the true values. This ensures that the mass balance equation is satisfied, even after normalization.","Specifically, it's mentioned in the code cell: ""Because X and Y had been normalized, terms in the mass balance need to be reversed."" This is done to ensure that the mass balance is calculated correctly.","As stated in the document, ""Because X and Y had been normalized, terms in the mass balance need to be reversed."" This is necessary to ensure that the loss function is calculated correctly.","This means that the original values of the terms in the mass balance equation (GPP, Ra, Rh, and NEE) need to be reversed to their original scale before being used in the loss function calculation. This is done to ensure that the loss function is calculated correctly and accurately reflects the difference between the predicted and true values.","In other words, the mass balance equation GRR+Ra+Rh-NEE = 0 requires that the terms Ra and Rh, which are negative, are reversed to ensure that the equation is satisfied. This is achieved by using the `Z_norm_reverse` function to reverse the values of these terms.","For example, in the code, the `GPP`, `Ra`, `Rh`, and `NEE` terms are normalized using the `Z_norm_reverse` function, which is applied to the predicted values as well as the true values. This ensures that the mass balance equation is satisfied, even after normalization.","Specifically, it's mentioned in the code cell: ""Because X and Y had been normalized, terms in the mass balance need to be reversed."" This is done to ensure that the mass balance is calculated correctly.",[2 1 0 3 4]
6,6,"Question: What is the purpose of calculating the differences in variables such as GPP, Ra, Rh, and NEE?","The document also explains that the mass balance equation is NEE = GPP - Reco, where Reco is the sum of Ra and Rh. To ensure that the predicted values of Ra, Rh, and NEE satisfy this equation, the authors customized a loss function that contains the residual of this equation. This loss function is used to constrain the predicted values of Ra, Rh, and NEE, so that the mass balance is possibly maintained.","For instance, the document states that ""Ecosystem respiration: Reco = Ra + Rh"" and ""Mass balance: NEE = GPP - Reco"". By incorporating these relationships into the loss function, the authors aim to reduce the biases that may arise from predictions without constraints.","For example, the document states that ""Ecosystem respiration: Reco = Ra + Rh"" and ""Mass balance: NEE = GPP - Reco"". These relationships are used to customize a loss function that contains the residual of equation 2 to reflect the mass balance constraint.","According to the document, the main purpose is to constrain the predicted values of Ra, Rh, and NEE to ensure that the mass balance is maintained. You see, in the real world, there are physical laws that govern the relationships between these variables. For example, ecosystem respiration (Reco) is equal to Ra + Rh, and net ecosystem exchange (NEE) is equal to GPP - Reco.","This is because the document notes that ""certain physical laws exist among the three response variables"" and that ""predictions without constraints may violate those physical laws and led to significant biases."" By calculating the differences between these variables, the model can ensure that the mass balance equation (NEE = GPP - Reco) is maintained, which is important for accurately predicting ecosystem carbon fluxes.","For example, the document states that ""Ecosystem respiration: Reco = Ra + Rh"" and ""Mass balance: NEE = GPP - Reco"". These relationships are used to customize a loss function that contains the residual of equation 2 to reflect the mass balance constraint.","For instance, the document states that ""Ecosystem respiration: Reco = Ra + Rh"" and ""Mass balance: NEE = GPP - Reco"". By incorporating these relationships into the loss function, the authors aim to reduce the biases that may arise from predictions without constraints.","According to the document, the main purpose is to constrain the predicted values of Ra, Rh, and NEE to ensure that the mass balance is maintained. You see, in the real world, there are physical laws that govern the relationships between these variables. For example, ecosystem respiration (Reco) is equal to Ra + Rh, and net ecosystem exchange (NEE) is equal to GPP - Reco.","This is because the document notes that ""certain physical laws exist among the three response variables"" and that ""predictions without constraints may violate those physical laws and led to significant biases."" By calculating the differences between these variables, the model can ensure that the mass balance equation (NEE = GPP - Reco) is maintained, which is important for accurately predicting ecosystem carbon fluxes.","The document also explains that the mass balance equation is NEE = GPP - Reco, where Reco is the sum of Ra and Rh. To ensure that the predicted values of Ra, Rh, and NEE satisfy this equation, the authors customized a loss function that contains the residual of this equation. This loss function is used to constrain the predicted values of Ra, Rh, and NEE, so that the mass balance is possibly maintained.",[2 1 3 4 0]
7,7,Question: What are the 9 features loaded in X variables?,"`['RADN','TMAX_AIR','TDIF_AIR','HMAX_AIR','HDIF_AIR','WIND','PRECN','Crop_Type','GPP']`","['RADN','TMAX_AIR','TDIF_AIR','HMAX_AIR','HDIF_AIR','WIND','PRECN','Crop_Type','GPP']","According to the document, the 9 features loaded in the X variables are: ['RADN','TMAX_AIR','TDIF_AIR','HMAX_AIR','HDIF_AIR','WIND','PRECN','Crop_Type','GPP']. This is mentioned in the code snippet where the features are loaded into the X variables: `X[:,:,0:fts_1_len] = data0['X'][:,:,0:fts_1_len]`.","['RADN','TMAX_AIR','TDIF_AIR','HMAX_AIR','HDIF_AIR','WIND','PRECN','Crop_Type','GPP']","`['RADN','TMAX_AIR','TDIF_AIR','HMAX_AIR','HDIF_AIR','WIND','PRECN','Crop_Type','GPP']`","`['RADN','TMAX_AIR','TDIF_AIR','HMAX_AIR','HDIF_AIR','WIND','PRECN','Crop_Type','GPP']`","According to the document, the 9 features loaded in the X variables are: ['RADN','TMAX_AIR','TDIF_AIR','HMAX_AIR','HDIF_AIR','WIND','PRECN','Crop_Type','GPP']. This is mentioned in the code snippet where the features are loaded into the X variables: `X[:,:,0:fts_1_len] = data0['X'][:,:,0:fts_1_len]`.","['RADN','TMAX_AIR','TDIF_AIR','HMAX_AIR','HDIF_AIR','WIND','PRECN','Crop_Type','GPP']","['RADN','TMAX_AIR','TDIF_AIR','HMAX_AIR','HDIF_AIR','WIND','PRECN','Crop_Type','GPP']","`['RADN','TMAX_AIR','TDIF_AIR','HMAX_AIR','HDIF_AIR','WIND','PRECN','Crop_Type','GPP']`",[4 2 3 1 0]
8,8,Question: What are the two example datasets used in this tutorial?,"* `co2_pretrain_data.sav`: synthetic data for model pretraining.
* `co2_finetune_data.sav`: field observation data for fine-tuning.","1. **co2_pretrain_data.sav**: synthetic data for model pretraining.
2. **co2_finetune_data.sav**: field observation data for fine-tuning.","`co2_pretrain_data.sav` is synthetic data for model pretraining, and `co2_finetune_data.sav` is field observation data for fine-tuning.","1. **co2_pretrain_data.sav**: synthetic data for model pretraining.
2. **co2_finetune_data.sav**: field observation data for fine-tuning.","`co2_pretrain_data.sav` is synthetic data for model pretraining, while `co2_finetune_data.sav` is field observation data for fine-tuning.","1. **co2_pretrain_data.sav**: synthetic data for model pretraining.
2. **co2_finetune_data.sav**: field observation data for fine-tuning.","`co2_pretrain_data.sav` is synthetic data for model pretraining, and `co2_finetune_data.sav` is field observation data for fine-tuning.","`co2_pretrain_data.sav` is synthetic data for model pretraining, while `co2_finetune_data.sav` is field observation data for fine-tuning.","* `co2_pretrain_data.sav`: synthetic data for model pretraining.
* `co2_finetune_data.sav`: field observation data for fine-tuning.","1. **co2_pretrain_data.sav**: synthetic data for model pretraining.
2. **co2_finetune_data.sav**: field observation data for fine-tuning.",[1 2 4 0 3]
9,9,Question: What is the purpose of the function `myloss_mb_flux_mask_re`?,"According to the documentation, `myloss_mb_flux_mask_re` takes in predicted values of Ra, Rh, and NEE (`Reco_pred`, `NEE_pred`), observed values of these fluxes (`Reco_obs`, `NEE_obs`), and other parameters such as `GPP_scaler`, `Y1_scaler`, `Y1_mask`, and `lamda`.","The purpose of this function is to calculate the loss between the predicted and observed values of three fluxes: Ra (Respiration), Rh (Photosynthesis), and NEE (Net Ecosystem Exchange). The loss is calculated by taking the mean squared error between the predicted and observed values, weighted by a mask `Y1_mask`. ","The function takes in several inputs, including the predicted fluxes, observed fluxes, site information, and scaling factors. It then calculates the loss by summing the squared differences between the predicted and observed fluxes, as well as the absolute difference between the predicted and observed fluxes. The loss is then weighted by a set of coefficients (`lamda`) and averaged over the number of sites.","In this function, the loss is calculated as a combination of two parts: the first part is the sum of the squared differences between the predicted and observed fluxes, and the second part is the mass balance loss. The mass balance loss is calculated as the mean squared difference between the predicted and observed fluxes, but only for the specific time periods where the observed fluxes are not zero.","According to the documentation, this function calculates the loss by comparing the predicted fluxes with the observed fluxes, and then applying a mask to the loss calculation based on the Y1_mask values. The loss is then returned along with two other losses, `loss1` and `loss2`.","According to the documentation, `myloss_mb_flux_mask_re` takes in predicted values of Ra, Rh, and NEE (`Reco_pred`, `NEE_pred`), observed values of these fluxes (`Reco_obs`, `NEE_obs`), and other parameters such as `GPP_scaler`, `Y1_scaler`, `Y1_mask`, and `lamda`.","The purpose of this function is to calculate the loss between the predicted and observed values of three fluxes: Ra (Respiration), Rh (Photosynthesis), and NEE (Net Ecosystem Exchange). The loss is calculated by taking the mean squared error between the predicted and observed values, weighted by a mask `Y1_mask`. ","In this function, the loss is calculated as a combination of two parts: the first part is the sum of the squared differences between the predicted and observed fluxes, and the second part is the mass balance loss. The mass balance loss is calculated as the mean squared difference between the predicted and observed fluxes, but only for the specific time periods where the observed fluxes are not zero.","According to the documentation, this function calculates the loss by comparing the predicted fluxes with the observed fluxes, and then applying a mask to the loss calculation based on the Y1_mask values. The loss is then returned along with two other losses, `loss1` and `loss2`.","The function takes in several inputs, including the predicted fluxes, observed fluxes, site information, and scaling factors. It then calculates the loss by summing the squared differences between the predicted and observed fluxes, as well as the absolute difference between the predicted and observed fluxes. The loss is then weighted by a set of coefficients (`lamda`) and averaged over the number of sites.",[0 1 3 4 2]
10,10,Question: What is the main difference between the ecosys model and the pipeline model described by Davidson et al. (2000)?,"According to the document, the main difference between the ecosys model and the pipeline model described by Davidson et al. (2000) is that ecosys enables integrative effects of energy, water, nitrogen availability on N2O production and N2O transfer via the microbial population dynamics and their interactions with soil, plant, and atmospheric dynamics, under diverse meteorological and agricultural conditions. In contrast, the pipeline model mainly considers the correlations of N2O production with nitrogen availability and of N2O emissions with soil water content.","According to the document, the main difference between the ecosys model and the pipeline model described by Davidson et al. (2000) is that ecosys enables integrative effects of energy, water, and nitrogen availability on N2O production and N2O transfer via microbial population dynamics and their interactions with soil, plant, and atmospheric dynamics, under diverse meteorological and agricultural conditions. In contrast, the pipeline model mainly considers the correlations of N2O production with nitrogen availability and of N2O emissions with soil water content.","According to the document, the main difference between the ecosys model and the pipeline model described by Davidson et al. (2000) is that ecosys enables integrative effects of energy, water, and nitrogen availability on N2O production and N2O transfer via microbial population dynamics and their interactions with soil, plant, and atmospheric dynamics, under diverse meteorological and agricultural conditions. This is in contrast to the pipeline model, which mainly considers the correlations of N2O production with nitrogen availability and of N2O emissions with soil water content.","According to the document, ecosys enables the integration of energy, water, and nitrogen availability on N2O production and N2O transfer via the microbial population dynamics and their interactions with soil, plant, and atmospheric dynamics, under diverse meteorological and agricultural conditions. In contrast, the pipeline model described by Davidson et al. (2000) only considers the correlations of N2O production with nitrogen availability and of N2O emissions with soil water content.","According to the document, the main difference between the ecosys model and the pipeline model described by Davidson et al. (2000) is that ecosys enables integrative effects of energy, water, nitrogen availability on N2O production and N2O transfer via the microbial population dynamics and their interactions with soil, plant, and atmospheric dynamics, under diverse meteorological and agricultural conditions. In contrast, the pipeline model mainly considers the correlations of N2O production with nitrogen availability and of N2O emissions with soil water content.","According to the document, ecosys enables the integration of energy, water, and nitrogen availability on N2O production and N2O transfer via the microbial population dynamics and their interactions with soil, plant, and atmospheric dynamics, under diverse meteorological and agricultural conditions. In contrast, the pipeline model described by Davidson et al. (2000) only considers the correlations of N2O production with nitrogen availability and of N2O emissions with soil water content.","According to the document, the main difference between the ecosys model and the pipeline model described by Davidson et al. (2000) is that ecosys enables integrative effects of energy, water, nitrogen availability on N2O production and N2O transfer via the microbial population dynamics and their interactions with soil, plant, and atmospheric dynamics, under diverse meteorological and agricultural conditions. In contrast, the pipeline model mainly considers the correlations of N2O production with nitrogen availability and of N2O emissions with soil water content.","According to the document, the main difference between the ecosys model and the pipeline model described by Davidson et al. (2000) is that ecosys enables integrative effects of energy, water, and nitrogen availability on N2O production and N2O transfer via microbial population dynamics and their interactions with soil, plant, and atmospheric dynamics, under diverse meteorological and agricultural conditions. In contrast, the pipeline model mainly considers the correlations of N2O production with nitrogen availability and of N2O emissions with soil water content.","According to the document, the main difference between the ecosys model and the pipeline model described by Davidson et al. (2000) is that ecosys enables integrative effects of energy, water, and nitrogen availability on N2O production and N2O transfer via microbial population dynamics and their interactions with soil, plant, and atmospheric dynamics, under diverse meteorological and agricultural conditions. This is in contrast to the pipeline model, which mainly considers the correlations of N2O production with nitrogen availability and of N2O emissions with soil water content.","According to the document, the main difference between the ecosys model and the pipeline model described by Davidson et al. (2000) is that ecosys enables integrative effects of energy, water, nitrogen availability on N2O production and N2O transfer via the microbial population dynamics and their interactions with soil, plant, and atmospheric dynamics, under diverse meteorological and agricultural conditions. In contrast, the pipeline model mainly considers the correlations of N2O production with nitrogen availability and of N2O emissions with soil water content.",[3 4 1 2 0]
11,11,"Question: What is the purpose of the function ""plot_features""?","The function first calculates the number of features (`n_features`) and the number of rows and columns needed to display the histograms (`n_rows` and `n_cols`). It then creates a figure with the specified size and loops through each feature, creating a histogram subplot for each feature using the `plt.hist` function.","The function first calculates the number of features (`n_features`) and the number of columns (`n_cols`) and rows (`n_rows`) needed to arrange the histograms. Then, it creates a figure with the specified size and loops through each feature, creating a histogram subplot for each feature using the `plt.hist` function.","In the code, the function is called twice, once to view the histogram of input features and once to view the histogram of output features. The function takes four parameters: data, feature_number, feature_name, and sub_title. It then creates a figure with a specified size, loops through each feature, and creates a histogram subplot for each feature. The title of each subplot is set to the name of the feature. Finally, a main title is added to the figure with the specified sub_title. ","As per the documentation, the function takes four parameters: ""data"", ""feature_number"", ""feature_name"", and ""sub_title"". The ""data"" parameter is the input or output data, ""feature_number"" is the number of features, ""feature_name"" is the name of the features, and ""sub_title"" is the title of the plot.","According to the code, the purpose of this function is to visualize the distribution of the input features. It creates a histogram subplot for each feature, with the feature name as the title, and the frequency on the y-axis. The function also adds a main title to the plot, which is specified by the `sub_title` parameter.","In the code, the function is called twice, once to view the histogram of input features and once to view the histogram of output features. The function takes four parameters: data, feature_number, feature_name, and sub_title. It then creates a figure with a specified size, loops through each feature, and creates a histogram subplot for each feature. The title of each subplot is set to the name of the feature. Finally, a main title is added to the figure with the specified sub_title. ","As per the documentation, the function takes four parameters: ""data"", ""feature_number"", ""feature_name"", and ""sub_title"". The ""data"" parameter is the input or output data, ""feature_number"" is the number of features, ""feature_name"" is the name of the features, and ""sub_title"" is the title of the plot.","The function first calculates the number of features (`n_features`) and the number of columns (`n_cols`) and rows (`n_rows`) needed to arrange the histograms. Then, it creates a figure with the specified size and loops through each feature, creating a histogram subplot for each feature using the `plt.hist` function.","According to the code, the purpose of this function is to visualize the distribution of the input features. It creates a histogram subplot for each feature, with the feature name as the title, and the frequency on the y-axis. The function also adds a main title to the plot, which is specified by the `sub_title` parameter.","The function first calculates the number of features (`n_features`) and the number of rows and columns needed to display the histograms (`n_rows` and `n_cols`). It then creates a figure with the specified size and loops through each feature, creating a histogram subplot for each feature using the `plt.hist` function.",[2 3 1 4 0]
12,12,Question: What is the name of the compiler used in the code?,"According to the provided document, the compiler used in the code is called `ModelStructureCompiler`. This is evident from the code snippet where the compiler is created and used to generate a model class: `archt_compiler = ModelStructureCompiler(archt_config)` and `KGML = archt_compiler.generate_model()`. Additionally, the documentation for the `ModelStructureCompiler` class is also provided, which further confirms its role as the compiler used in the code.",`class ModelStructureCompiler:`,"You can find more information about `ModelStructureCompiler` in the tutorial, specifically in the files `Tutorial_CO2_Colab.ipynb` and `Tutorial_CO2_local.ipynb`.","In the documentation, we can see that `ModelStructureCompiler` is a class that compiles a PyTorch TimeSeriesModel subclass based on a configuration dict. It generates a class that inherits from a base class, defines `__init__` with parameters and defaults, and defines `forward` based on a forward configuration.",Source: [Quote from Document] class ModelStructureCompiler: ...,"You can find more information about `ModelStructureCompiler` in the tutorial, specifically in the files `Tutorial_CO2_Colab.ipynb` and `Tutorial_CO2_local.ipynb`.",`class ModelStructureCompiler:`,"According to the provided document, the compiler used in the code is called `ModelStructureCompiler`. This is evident from the code snippet where the compiler is created and used to generate a model class: `archt_compiler = ModelStructureCompiler(archt_config)` and `KGML = archt_compiler.generate_model()`. Additionally, the documentation for the `ModelStructureCompiler` class is also provided, which further confirms its role as the compiler used in the code.",Source: [Quote from Document] class ModelStructureCompiler: ...,"In the documentation, we can see that `ModelStructureCompiler` is a class that compiles a PyTorch TimeSeriesModel subclass based on a configuration dict. It generates a class that inherits from a base class, defines `__init__` with parameters and defaults, and defines `forward` based on a forward configuration.",[2 1 0 4 3]
13,13,Question: What is the name of the dataset mentioned in the document?,"According to the document, the names of the datasets mentioned are **co2_pretrain_data** and **co2_finetune_data**.","According to the document, there are two example datasets mentioned: **co2_pretrain_data** and **co2_finetune_data**.","**co2_pretrain_data** is a synthetic dataset for model pretraining, consisting of 100 samples (100 sites) with 19 input features and 3 output features. ",Source: [Document Retrieval],"According to the document, there are two example datasets mentioned: **co2_pretrain_data** and **co2_finetune_data**.",Source: [Document Retrieval],"According to the document, the names of the datasets mentioned are **co2_pretrain_data** and **co2_finetune_data**.","According to the document, there are two example datasets mentioned: **co2_pretrain_data** and **co2_finetune_data**.","According to the document, there are two example datasets mentioned: **co2_pretrain_data** and **co2_finetune_data**.","**co2_pretrain_data** is a synthetic dataset for model pretraining, consisting of 100 samples (100 sites) with 19 input features and 3 output features. ",[3 0 4 1 2]
14,14,Question: What is the purpose of the line `fn_set = set(fn_list) #remove duplicate items` in the provided code?,"In the code, `fn_list` is a list of function names extracted from the input expression using the `extract_functions` function. The `set` data structure is used to remove duplicates because it automatically removes duplicate elements.","According to the document, this is done to ""remove duplicate items"" [1]. This is necessary because the code is designed to process each function only once, and if there are duplicate function names, it would process them multiple times, which would lead to incorrect results.","As stated in the code, this line is used to create a set `fn_set` from the `fn_list`. A set in Python is an unordered collection of unique elements, so any duplicate items in the `fn_list` will be automatically removed when converting it to a set.","In the context of the code, `fn_list` seems to be a list of function names extracted from the expression using the `extract_functions` function. By converting `fn_list` to a set and then back to a list, any duplicate function names are removed.","According to the document, this line is used to remove duplicate function names from the `fn_list`.","In the code, `fn_list` is a list of function names extracted from the input expression using the `extract_functions` function. The `set` data structure is used to remove duplicates because it automatically removes duplicate elements.","As stated in the code, this line is used to create a set `fn_set` from the `fn_list`. A set in Python is an unordered collection of unique elements, so any duplicate items in the `fn_list` will be automatically removed when converting it to a set.","According to the document, this is done to ""remove duplicate items"" [1]. This is necessary because the code is designed to process each function only once, and if there are duplicate function names, it would process them multiple times, which would lead to incorrect results.","According to the document, this line is used to remove duplicate function names from the `fn_list`.","In the context of the code, `fn_list` seems to be a list of function names extracted from the expression using the `extract_functions` function. By converting `fn_list` to a set and then back to a list, any duplicate function names are removed.",[0 2 1 4 3]
15,15,Question: What is the purpose of the code snippet provided?,"The purpose of this code snippet is to generate a dynamic forward method for a PyTorch model, which can be used to compute the output of the model given an input. The code snippet iterates over the forward configuration, handling concatenation, layer calls, and shorthand replacement to generate the corresponding Python code.","The code snippet iterates over the model's configuration and generates PyTorch code lines for each configuration item. It handles concatenation, layer calls, and shorthand function replacements to generate the forward method.","The purpose of this code snippet is to generate the forward method of the neural network model. The forward method is a key component of a neural network model, as it defines how the input data is propagated through the network to produce the output.",The purpose of this code snippet is to translate a high-level forward configuration (defined in the `forward_cfg` dictionary) into a Python code that can be executed. This code defines a `forward` method that takes an input tensor `x` and applies the specified operations to produce the output.,"According to the document, this code snippet is part of the PyKGML library, which is used for building and manipulating PyTorch models. The forward method is a crucial part of a neural network, as it defines how the model processes input data and produces output.","The purpose of this code snippet is to generate the forward method of the neural network model. The forward method is a key component of a neural network model, as it defines how the input data is propagated through the network to produce the output.","According to the document, this code snippet is part of the PyKGML library, which is used for building and manipulating PyTorch models. The forward method is a crucial part of a neural network, as it defines how the model processes input data and produces output.","The code snippet iterates over the model's configuration and generates PyTorch code lines for each configuration item. It handles concatenation, layer calls, and shorthand function replacements to generate the forward method.",The purpose of this code snippet is to translate a high-level forward configuration (defined in the `forward_cfg` dictionary) into a Python code that can be executed. This code defines a `forward` method that takes an input tensor `x` and applies the specified operations to produce the output.,"The purpose of this code snippet is to generate a dynamic forward method for a PyTorch model, which can be used to compute the output of the model given an input. The code snippet iterates over the forward configuration, handling concatenation, layer calls, and shorthand replacement to generate the corresponding Python code.",[2 4 1 3 0]
16,16,Question: What is the name of the library used in the code cells?,"Additionally, in the ""code"" cells, functions such as `torch.tensor()`, `torch.load()` are used for data processing and model development, which further suggests the use of PyTorch.","Based on the provided document, it seems that the library used in the code cells is PyTorch. Specifically, the document mentions that PyKGML's machine learning framework is built on PyTorch, and several PyTorch functions are used throughout the code cells, such as `torch.tensor()`, `torch.load()`, and `torch.nn`.","Additionally, the document mentions other libraries used, such as `torch.nn` for neural network modules and `dataLoader` for data handling. However, PyTorch is the primary library used in the code cells.","Additionally, specific PyTorch libraries are also mentioned, such as `torch`, `torch.nn`, and `dataLoader`. These libraries are used in the code cells to perform various tasks, such as data processing, model development, and data loading.","So, to answer your question, the name of the library used in the code cells is PyTorch!","Based on the provided document, it seems that the library used in the code cells is PyTorch. Specifically, the document mentions that PyKGML's machine learning framework is built on PyTorch, and several PyTorch functions are used throughout the code cells, such as `torch.tensor()`, `torch.load()`, and `torch.nn`.","Additionally, in the ""code"" cells, functions such as `torch.tensor()`, `torch.load()` are used for data processing and model development, which further suggests the use of PyTorch.","Additionally, specific PyTorch libraries are also mentioned, such as `torch`, `torch.nn`, and `dataLoader`. These libraries are used in the code cells to perform various tasks, such as data processing, model development, and data loading.","Additionally, the document mentions other libraries used, such as `torch.nn` for neural network modules and `dataLoader` for data handling. However, PyTorch is the primary library used in the code cells.","So, to answer your question, the name of the library used in the code cells is PyTorch!",[1 0 3 2 4]
17,17,Question: What was the maximum training epochs in the fine-tuning process before the data augmentation?,Let me know if you'd like me to clarify anything further!,"According to the document, before data augmentation, the maximum training epochs was 800. This is mentioned in the sentence: ""the maximum training epochs increased from 800 to 20 000, which resulted in overfitting on the small dataset.""","According to the document, the maximum training epochs before data augmentation was 800. This is mentioned in the document as follows: ""the maximum training epochs increased from 800 to 20 000, which resulted in overfitting on the small dataset."" (Source: [Geosci. Model Dev., 15, 2839–2858, 2022](https://doi.org/10.5194/gmd-15-2839-2022))","According to the document, the maximum training epochs before data augmentation was 800. This is mentioned in the quote: ""Moreover, the maximum training epochs increased from 800 to 20 000, which resulted in overfitting on the small dataset.""","It's worth noting that this increase in training epochs was likely done to improve the model's performance, but it ultimately led to overfitting on the small dataset. Data augmentation was then introduced to help the models become more generalizable and gain better accuracy.","It's worth noting that this increase in training epochs was likely done to improve the model's performance, but it ultimately led to overfitting on the small dataset. Data augmentation was then introduced to help the models become more generalizable and gain better accuracy.","According to the document, the maximum training epochs before data augmentation was 800. This is mentioned in the quote: ""Moreover, the maximum training epochs increased from 800 to 20 000, which resulted in overfitting on the small dataset.""","According to the document, before data augmentation, the maximum training epochs was 800. This is mentioned in the sentence: ""the maximum training epochs increased from 800 to 20 000, which resulted in overfitting on the small dataset.""","According to the document, the maximum training epochs before data augmentation was 800. This is mentioned in the document as follows: ""the maximum training epochs increased from 800 to 20 000, which resulted in overfitting on the small dataset."" (Source: [Geosci. Model Dev., 15, 2839–2858, 2022](https://doi.org/10.5194/gmd-15-2839-2022))",Let me know if you'd like me to clarify anything further!,[4 3 1 2 0]
18,18,Question: What is the purpose of adjusting the 'top' value in plt.subplots_adjust?,"In other words, by increasing the 'top' value, you can decrease the space between the title and the subplots, making the layout more compact.","According to the document, the purpose of adjusting the 'top' value in `plt.subplots_adjust` is to control the gap between the title and subplots. Specifically, increasing the 'top' value reduces this gap.","According to the document, adjusting the 'top' value in plt.subplots_adjust is used to reduce the gap between the title and subplots. This is stated in the quote: ""# Adjust subplots: increase the 'top' value to reduce the gap between the title and subplots.""","According to the documentation, adjusting the 'top' value in plt.subplots_adjust is used to reduce the gap between the title and subplots. This means that by increasing the 'top' value, you can make the title appear closer to the subplots, and by decreasing it, you can increase the gap between the two.","According to the documentation, the purpose of adjusting the 'top' value in plt.subplots_adjust is to reduce the gap between the title and subplots. This is useful when you want to tighten up the layout and make the most of the available space. For example, in the code snippet provided, the 'top' value is set to 0.92, which reduces the gap between the title and subplots.","According to the document, the purpose of adjusting the 'top' value in `plt.subplots_adjust` is to control the gap between the title and subplots. Specifically, increasing the 'top' value reduces this gap.","According to the documentation, the purpose of adjusting the 'top' value in plt.subplots_adjust is to reduce the gap between the title and subplots. This is useful when you want to tighten up the layout and make the most of the available space. For example, in the code snippet provided, the 'top' value is set to 0.92, which reduces the gap between the title and subplots.","According to the document, adjusting the 'top' value in plt.subplots_adjust is used to reduce the gap between the title and subplots. This is stated in the quote: ""# Adjust subplots: increase the 'top' value to reduce the gap between the title and subplots.""","In other words, by increasing the 'top' value, you can decrease the space between the title and the subplots, making the layout more compact.","According to the documentation, adjusting the 'top' value in plt.subplots_adjust is used to reduce the gap between the title and subplots. This means that by increasing the 'top' value, you can make the title appear closer to the subplots, and by decreasing it, you can increase the gap between the two.",[1 4 2 0 3]
19,19,Question: What is KGML?,"KGML stands for Knowledge-Guided Machine Learning. It's a Python library that facilitates the development of machine learning models in natural and agricultural ecosystems. According to the documentation, PyKGML aims to provide research and educational support by making ML-ready data and code more accessible, allowing users to develop, test, and benchmark KGML models more efficiently (Source: [PyKGML: Python library for knowledge-guided machine learning](https://github.com/AI4Agriculture/PyKGML_development)).","KGML stands for Knowledge-Guided Machine Learning. It's a Python library that facilitates the development of machine learning models in natural and agricultural ecosystems, with a focus on incorporating domain knowledge into the model development process. According to the document, PyKGML provides a way to convert user ideas into functional models using loss function compilers or architecture compilers. It's designed to improve accessibility to ML-ready data and code, making it easier to develop, test, and benchmark KGML models.","According to the documentation, KGML is designed to incorporate domain knowledge into the development of a KGML model in a user-friendly way. It achieves this by functionizing several strategies, including pre-training and fine-tuning using benchmark datasets, knowledge-guided loss function customization, and hierarchical architecture design.","In simpler terms, KGML is a way to incorporate domain knowledge into machine learning model development, making it more effective and accurate.","In simpler terms, KGML is a library that helps developers create machine learning models that are guided by domain knowledge, making it more effective for tasks like predicting ecosystem behavior or optimizing agricultural practices.","According to the documentation, KGML is designed to incorporate domain knowledge into the development of a KGML model in a user-friendly way. It achieves this by functionizing several strategies, including pre-training and fine-tuning using benchmark datasets, knowledge-guided loss function customization, and hierarchical architecture design.","In simpler terms, KGML is a way to incorporate domain knowledge into machine learning model development, making it more effective and accurate.","KGML stands for Knowledge-Guided Machine Learning. It's a Python library that facilitates the development of machine learning models in natural and agricultural ecosystems. According to the documentation, PyKGML aims to provide research and educational support by making ML-ready data and code more accessible, allowing users to develop, test, and benchmark KGML models more efficiently (Source: [PyKGML: Python library for knowledge-guided machine learning](https://github.com/AI4Agriculture/PyKGML_development)).","In simpler terms, KGML is a library that helps developers create machine learning models that are guided by domain knowledge, making it more effective for tasks like predicting ecosystem behavior or optimizing agricultural practices.","KGML stands for Knowledge-Guided Machine Learning. It's a Python library that facilitates the development of machine learning models in natural and agricultural ecosystems, with a focus on incorporating domain knowledge into the model development process. According to the document, PyKGML provides a way to convert user ideas into functional models using loss function compilers or architecture compilers. It's designed to improve accessibility to ML-ready data and code, making it easier to develop, test, and benchmark KGML models.",[2 3 0 4 1]